pass,state,query,run,ms
1,O,L1_A0,1,3217.801
1,O,L1_A0,2,300.588
1,O,L1_A0,3,216.802
1,O,L1_A0,4,357.995
1,O,L1_A0,5,544.478
1,O,L1_A0,6,234.541
1,O,L1_A0,7,367.092
1,O,L2_A0,1,182.826
1,O,L2_A0,2,223.117
1,O,L2_A0,3,229.317
1,O,L2_A0,4,366.284
1,O,L2_A0,5,513.809
1,O,L2_A0,6,228.088
1,O,L2_A0,7,197.148
1,O,S1_A0,1,407.153
1,O,S1_A0,2,253.141
1,O,S1_A0,3,239.774
1,O,S1_A0,4,269.442
1,O,S1_A0,5,273.472
1,O,S1_A0,6,256.011
1,O,S1_A0,7,229.633
1,O,S2_A0,1,254.596
1,O,S2_A0,2,333.655
1,O,S2_A0,3,338.131
1,O,S2_A0,4,383.773
1,O,S2_A0,5,362.427
1,O,S2_A0,6,264.573
1,O,S2_A0,7,249.860
1,O,L1_A1,1,986.297
1,O,L1_A1,2,993.227
1,O,L1_A1,3,785.397
1,O,L1_A1,4,484.814
1,O,L1_A1,5,721.307
1,O,L1_A1,6,1103.035
1,O,L1_A1,7,477.226
1,O,L2_A1,1,232.286
1,O,L2_A1,2,267.136
1,O,L2_A1,3,316.051
1,O,L2_A1,4,180.759
1,O,L2_A1,5,181.963
1,O,L2_A1,6,179.570
1,O,L2_A1,7,178.875
1,O,S1_A1,1,441.254
1,O,S1_A1,2,398.838
1,O,S1_A1,3,477.344
1,O,S1_A1,4,442.602
1,O,S1_A1,5,429.237
1,O,S1_A1,6,444.922
1,O,S1_A1,7,621.634
1,O,S2_A1,1,787.393
1,O,S2_A1,2,1216.865
1,O,S2_A1,3,438.534
1,O,S2_A1,4,404.738
1,O,S2_A1,5,388.444
1,O,S2_A1,6,392.540
1,O,S2_A1,7,556.578
1,O,L1_A5,1,739.380
1,O,L1_A5,2,18.070
1,O,L1_A5,3,10.449
1,O,L1_A5,4,15.206
1,O,L1_A5,5,10.507
1,O,L1_A5,6,10.799
1,O,L1_A5,7,14.638
1,O,L2_A5,1,17.288
1,O,L2_A5,2,17.487
1,O,L2_A5,3,13.743
1,O,L2_A5,4,11.062
1,O,L2_A5,5,10.374
1,O,L2_A5,6,11.443
1,O,L2_A5,7,12.388
1,O,S1_A5,1,30.346
1,O,S1_A5,2,20.368
1,O,S1_A5,3,20.894
1,O,S1_A5,4,18.340
1,O,S1_A5,5,21.715
1,O,S1_A5,6,21.426
1,O,S1_A5,7,21.013
1,O,S2_A5,1,22.081
1,O,S2_A5,2,22.709
1,O,S2_A5,3,21.064
1,O,S2_A5,4,19.266
1,O,S2_A5,5,18.526
1,O,S2_A5,6,18.319
1,O,S2_A5,7,19.284
2,A,L1_A0,1,794.173
2,A,L1_A0,2,2.155
2,A,L1_A0,3,1.748
2,A,L1_A0,4,1.613
2,A,L1_A0,5,1.897
2,A,L1_A0,6,1.648
2,A,L1_A0,7,11.539
2,A,L2_A0,1,355.827
2,A,L2_A0,2,2.146
2,A,L2_A0,3,2.110
2,A,L2_A0,4,1.792
2,A,L2_A0,5,1.901
2,A,L2_A0,6,2.176
2,A,L2_A0,7,2.186
2,A,S1_A0,1,4163.567
2,A,S1_A0,2,2322.648
2,A,S1_A0,3,3649.636
2,A,S1_A0,4,1920.124
2,A,S1_A0,5,2576.290
2,A,S1_A0,6,2966.249
2,A,S1_A0,7,1666.122
2,A,S2_A0,1,205.693
2,A,S2_A0,2,2.876
2,A,S2_A0,3,4.239
2,A,S2_A0,4,3.552
2,A,S2_A0,5,3.571
2,A,S2_A0,6,3.734
2,A,S2_A0,7,3.852
2,A,L1_A1,1,11.124
2,A,L1_A1,2,2.508
2,A,L1_A1,3,2.575
2,A,L1_A1,4,1.941
2,A,L1_A1,5,1.823
2,A,L1_A1,6,1.894
2,A,L1_A1,7,2.253
2,A,L2_A1,1,22.576
2,A,L2_A1,2,1.763
2,A,L2_A1,3,1.943
2,A,L2_A1,4,2.128
2,A,L2_A1,5,1.803
2,A,L2_A1,6,1.954
2,A,L2_A1,7,1.904
2,A,S1_A1,1,40352.268
2,A,S1_A1,2,39064.218
2,A,S1_A1,3,25222.789
2,A,S1_A1,4,42892.430
2,A,S1_A1,5,30243.852
2,A,S1_A1,6,36245.226
2,A,S1_A1,7,30982.655
2,A,S2_A1,1,145.220
2,A,S2_A1,2,1.770
2,A,S2_A1,3,1.870
2,A,S2_A1,4,1.698
2,A,S2_A1,5,1.904
2,A,S2_A1,6,1.799
2,A,S2_A1,7,1.582
2,A,L1_A5,1,116.910
2,A,L1_A5,2,4.287
2,A,L1_A5,3,7.873
2,A,L1_A5,4,6.103
2,A,L1_A5,5,4.720
2,A,L1_A5,6,5.956
2,A,L1_A5,7,6.177
2,A,L2_A5,1,236.463
2,A,L2_A5,2,4.742
2,A,L2_A5,3,4.782
2,A,L2_A5,4,4.696
2,A,L2_A5,5,4.650
2,A,L2_A5,6,4.617
2,A,L2_A5,7,6.291
2,A,S1_A5,1,1088.308
2,A,S1_A5,2,17.322
2,A,S1_A5,3,20.424
2,A,S1_A5,4,25.380
2,A,S1_A5,5,23.700
2,A,S1_A5,6,18.183
2,A,S1_A5,7,17.187
2,A,S2_A5,1,1540.711
2,A,S2_A5,2,247.267
2,A,S2_A5,3,76.337
2,A,S2_A5,4,75.789
2,A,S2_A5,5,88.295
2,A,S2_A5,6,95.819
2,A,S2_A5,7,52.351
3,B,L1_A0,1,248.972
3,B,L1_A0,2,0.620
3,B,L1_A0,3,0.681
3,B,L1_A0,4,0.539
3,B,L1_A0,5,0.623
3,B,L1_A0,6,0.555
3,B,L1_A0,7,0.452
3,B,L2_A0,1,43.639
3,B,L2_A0,2,0.676
3,B,L2_A0,3,0.731
3,B,L2_A0,4,0.829
3,B,L2_A0,5,0.641
3,B,L2_A0,6,1.062
3,B,L2_A0,7,1.422
3,B,S1_A0,1,3513.177
3,B,S1_A0,2,1128.685
3,B,S1_A0,3,945.064
3,B,S1_A0,4,634.017
3,B,S1_A0,5,382.358
3,B,S1_A0,6,546.878
3,B,S1_A0,7,373.199
3,B,S2_A0,1,1.414
3,B,S2_A0,2,1.201
3,B,S2_A0,3,1.974
3,B,S2_A0,4,1.237
3,B,S2_A0,5,1.225
3,B,S2_A0,6,1.436
3,B,S2_A0,7,1.283
3,B,L1_A1,1,12.854
3,B,L1_A1,2,0.643
3,B,L1_A1,3,0.770
3,B,L1_A1,4,0.595
3,B,L1_A1,5,0.839
3,B,L1_A1,6,0.611
3,B,L1_A1,7,0.855
3,B,L2_A1,1,5.226
3,B,L2_A1,2,1.021
3,B,L2_A1,3,1.144
3,B,L2_A1,4,1.140
3,B,L2_A1,5,2.872
3,B,L2_A1,6,1.189
3,B,L2_A1,7,0.724
3,B,S1_A1,1,44732.493
3,B,S1_A1,2,73575.202
3,B,S1_A1,3,52802.955
3,B,S1_A1,4,36030.297
3,B,S1_A1,5,39864.821
3,B,S1_A1,6,60368.368
3,B,S1_A1,7,63459.359
3,B,S2_A1,1,37.489
3,B,S2_A1,2,0.733
3,B,S2_A1,3,1.416
3,B,S2_A1,4,1.143
3,B,S2_A1,5,1.138
3,B,S2_A1,6,1.035
3,B,S2_A1,7,1.094
3,B,L1_A5,1,2.776
3,B,L1_A5,2,0.613
3,B,L1_A5,3,0.663
3,B,L1_A5,4,0.611
3,B,L1_A5,5,0.627
3,B,L1_A5,6,0.620
3,B,L1_A5,7,0.685
3,B,L2_A5,1,2.699
3,B,L2_A5,2,0.853
3,B,L2_A5,3,0.866
3,B,L2_A5,4,0.744
3,B,L2_A5,5,0.726
3,B,L2_A5,6,0.710
3,B,L2_A5,7,0.647
3,B,S1_A5,1,538.150
3,B,S1_A5,2,46.405
3,B,S1_A5,3,57.459
3,B,S1_A5,4,31.889
3,B,S1_A5,5,49.162
3,B,S1_A5,6,27.325
3,B,S1_A5,7,24.019
3,B,S2_A5,1,2.119
3,B,S2_A5,2,2.253
3,B,S2_A5,3,2.385
3,B,S2_A5,4,1.584
3,B,S2_A5,5,1.589
3,B,S2_A5,6,1.664
3,B,S2_A5,7,1.681
4,A,L1_A0,1,39.495
4,A,L1_A0,2,1.395
4,A,L1_A0,3,1.330
4,A,L1_A0,4,1.405
4,A,L1_A0,5,1.435
4,A,L1_A0,6,1.235
4,A,L1_A0,7,1.353
4,A,L2_A0,1,34.678
4,A,L2_A0,2,1.796
4,A,L2_A0,3,1.489
4,A,L2_A0,4,1.438
4,A,L2_A0,5,1.404
4,A,L2_A0,6,1.410
4,A,L2_A0,7,1.320
4,A,S1_A0,1,1461.359
4,A,S1_A0,2,1583.811
4,A,S1_A0,3,1284.024
4,A,S1_A0,4,1513.849
4,A,S1_A0,5,1202.628
4,A,S1_A0,6,1171.928
4,A,S1_A0,7,1370.622
4,A,S2_A0,1,160.292
4,A,S2_A0,2,4.284
4,A,S2_A0,3,3.491
4,A,S2_A0,4,2.568
4,A,S2_A0,5,4.169
4,A,S2_A0,6,2.950
4,A,S2_A0,7,3.280
4,A,L1_A1,1,1.957
4,A,L1_A1,2,2.401
4,A,L1_A1,3,2.352
4,A,L1_A1,4,3.084
4,A,L1_A1,5,3.190
4,A,L1_A1,6,2.570
4,A,L1_A1,7,2.546
4,A,L2_A1,1,20.198
4,A,L2_A1,2,4.441
4,A,L2_A1,3,2.252
4,A,L2_A1,4,2.705
4,A,L2_A1,5,1.825
4,A,L2_A1,6,2.580
4,A,L2_A1,7,3.264
4,A,S1_A1,1,36555.425
4,A,S1_A1,2,29689.214
4,A,S1_A1,3,45365.390
4,A,S1_A1,4,31883.334
4,A,S1_A1,5,47085.307
4,A,S1_A1,6,59627.743
4,A,S1_A1,7,47646.924
4,A,S2_A1,1,378.747
4,A,S2_A1,2,5.684
4,A,S2_A1,3,13.016
4,A,S2_A1,4,3.260
4,A,S2_A1,5,3.376
4,A,S2_A1,6,5.179
4,A,S2_A1,7,7.829
4,A,L1_A5,1,209.546
4,A,L1_A5,2,6.388
4,A,L1_A5,3,6.083
4,A,L1_A5,4,9.852
4,A,L1_A5,5,7.205
4,A,L1_A5,6,17.304
4,A,L1_A5,7,7.071
4,A,L2_A5,1,365.890
4,A,L2_A5,2,6.690
4,A,L2_A5,3,10.389
4,A,L2_A5,4,7.415
4,A,L2_A5,5,10.593
4,A,L2_A5,6,5.097
4,A,L2_A5,7,7.018
4,A,S1_A5,1,531.429
4,A,S1_A5,2,22.598
4,A,S1_A5,3,37.572
4,A,S1_A5,4,25.686
4,A,S1_A5,5,29.717
4,A,S1_A5,6,29.341
4,A,S1_A5,7,20.896
4,A,S2_A5,1,1985.194
4,A,S2_A5,2,356.795
4,A,S2_A5,3,74.297
4,A,S2_A5,4,78.244
4,A,S2_A5,5,75.806
4,A,S2_A5,6,77.777
4,A,S2_A5,7,77.251
5,B,L1_A0,1,77.147
5,B,L1_A0,2,0.846
5,B,L1_A0,3,1.495
5,B,L1_A0,4,0.617
5,B,L1_A0,5,0.569
5,B,L1_A0,6,0.516
5,B,L1_A0,7,0.531
5,B,L2_A0,1,87.283
5,B,L2_A0,2,0.502
5,B,L2_A0,3,0.614
5,B,L2_A0,4,0.689
5,B,L2_A0,5,0.749
5,B,L2_A0,6,0.641
5,B,L2_A0,7,0.659
5,B,S1_A0,1,2574.085
5,B,S1_A0,2,1226.058
5,B,S1_A0,3,402.742
5,B,S1_A0,4,356.883
5,B,S1_A0,5,233.856
5,B,S1_A0,6,297.344
5,B,S1_A0,7,249.475
5,B,S2_A0,1,1.655
5,B,S2_A0,2,1.764
5,B,S2_A0,3,3.191
5,B,S2_A0,4,1.056
5,B,S2_A0,5,1.093
5,B,S2_A0,6,1.170
5,B,S2_A0,7,1.622
5,B,L1_A1,1,20.133
5,B,L1_A1,2,0.514
5,B,L1_A1,3,0.619
5,B,L1_A1,4,0.537
5,B,L1_A1,5,0.508
5,B,L1_A1,6,0.594
5,B,L1_A1,7,0.576
5,B,L2_A1,1,81.858
5,B,L2_A1,2,0.601
5,B,L2_A1,3,0.711
5,B,L2_A1,4,0.662
5,B,L2_A1,5,0.646
5,B,L2_A1,6,0.610
5,B,L2_A1,7,0.672
5,B,S1_A1,1,53110.936
5,B,S1_A1,2,48630.354
5,B,S1_A1,3,30329.059
5,B,S1_A1,4,62151.582
5,B,S1_A1,5,45696.029
5,B,S1_A1,6,43791.038
5,B,S1_A1,7,74119.512
5,B,S2_A1,1,67.788
5,B,S2_A1,2,1.235
5,B,S2_A1,3,1.242
5,B,S2_A1,4,1.109
5,B,S2_A1,5,1.040
5,B,S2_A1,6,1.146
5,B,S2_A1,7,1.162
5,B,L1_A5,1,15.256
5,B,L1_A5,2,0.713
5,B,L1_A5,3,0.686
5,B,L1_A5,4,0.666
5,B,L1_A5,5,0.687
5,B,L1_A5,6,0.645
5,B,L1_A5,7,0.793
5,B,L2_A5,1,4.756
5,B,L2_A5,2,0.698
5,B,L2_A5,3,0.662
5,B,L2_A5,4,1.044
5,B,L2_A5,5,0.711
5,B,L2_A5,6,0.823
5,B,L2_A5,7,0.615
5,B,S1_A5,1,723.241
5,B,S1_A5,2,43.768
5,B,S1_A5,3,24.513
5,B,S1_A5,4,26.016
5,B,S1_A5,5,32.337
5,B,S1_A5,6,26.272
5,B,S1_A5,7,29.212
5,B,S2_A5,1,2.027
5,B,S2_A5,2,1.758
5,B,S2_A5,3,1.827
5,B,S2_A5,4,1.601
5,B,S2_A5,5,1.707
5,B,S2_A5,6,1.640
5,B,S2_A5,7,1.732
