t_epoch,t_iso,event,chunks
1789653102,2026-09-17T13:51:42Z,앱 기동 — 연속 색인 시작(1회차),0
1789654236,2026-09-17T14:10:36Z,기준선 확정 63.0ms/원본 (유효 15표본 중앙값),21906
1789664207,2026-09-17T16:56:47Z,열화 감지 — 3표본 연속 ≥ 63.0×1.4 (마지막 90.0ms),208060
1789664208,2026-09-17T16:56:48Z,개입 1: 앱 재시작 직전,208060
1789664213,2026-09-17T16:56:53Z,개입 1: 앱 재시작 완료 — 2회차,208188
1789664908,2026-09-17T17:08:28Z,미회복 — 개입 1 뒤 중앙값 105.0ms (기준선 63.0) → 앱(JVM·풀·세션) 은 아니다,215280
1789664908,2026-09-17T17:08:28Z,개입 2: DB 재시작 직전,215280
1789664919,2026-09-17T17:08:39Z,개입 2: DB 재시작 완료 — 3회차,215280
1789665614,2026-09-17T17:20:14Z,회복 — 개입 2 뒤 중앙값 60.6ms (기준선 63.0) → 원인은 DB 휘발 상태(버퍼·WAL 백로그·진행 중 autovacuum),227828
